{"assets/arrows/arrow_down.png":["assets/arrows/arrow_down.png"],"assets/arrows/arrow_left.png":["assets/arrows/arrow_left.png"],"assets/arrows/arrow_right.png":["assets/arrows/arrow_right.png"],"assets/arrows/arrow_up.png":["assets/arrows/arrow_up.png"],"assets/hellpod.png":["assets/hellpod.png"],"assets/logo.png":["assets/logo.png"],"assets/logo_splash.png":["assets/logo_splash.png"],"assets/starship.png":["assets/starship.png"],"fonts/FS-Sinclair-Medium.otf":["fonts/FS-Sinclair-Medium.otf"],"fonts/KodeMono-Bold.ttf":["fonts/KodeMono-Bold.ttf"],"fonts/KodeMono-Medium.ttf":["fonts/KodeMono-Medium.ttf"],"fonts/KodeMono-Regular.ttf":["fonts/KodeMono-Regular.ttf"],"fonts/KodeMono-SemiBold.ttf":["fonts/KodeMono-SemiBold.ttf"],"packages/cupertino_icons/assets/CupertinoIcons.ttf":["packages/cupertino_icons/assets/CupertinoIcons.ttf"]}